START_ID,name,:END_ID,:TYPE
D7400,ABMC,acqsys060052,UTILIZES
D1200,AG,acqsys060042,UTILIZES
D1200,AG,acqsys060082,UTILIZES
D1200,AG,acqsys060083,UTILIZES
D9568,BBG,acqsys060044,UTILIZES
D955F,CFPB,acqsys060028,UTILIZES
D9507,CFTC,acqsys060023,UTILIZES
D9577,CNCS,acqsys060045,UTILIZES
D6100,CPSC,acqsys060068,UTILIZES
D9565,CSHIB,acqsys060029,UTILIZES
D9594,CSOSA,acqsys060053,UTILIZES
D9534,DCC,acqsys060055,UTILIZES
D7000,DHS,acqsys060020,UTILIZES
D7000,DHS,acqsys060027,UTILIZES
D7000,DHS,acqsys060054,UTILIZES
D7000,DHS,acqsys060065,UTILIZES
D7000,DHS,acqsys060069,UTILIZES
A2100,DOA,acqsys000430,UTILIZES
A2100,DOA,acqsys000595,UTILIZES
A2100,DOA,acqsys000596,UTILIZES
A2100,DOA,acqsys000610,UTILIZES
A2100,DOA,acqsys000617,UTILIZES
A2100,DOA,acqsys001201,UTILIZES
A2100,DOA,acqsys001202,UTILIZES
A2100,DOA,acqsys001210,UTILIZES
A2100,DOA,acqsys001212,UTILIZES
A2100,DOA,acqsys001213,UTILIZES
A2100,DOA,acqsys001219,UTILIZES
A2100,DOA,acqsys001257,UTILIZES
A2100,DOA,acqsys001268,UTILIZES
A2100,DOA,acqsys001270,UTILIZES
A2100,DOA,acqsys001271,UTILIZES
A2100,DOA,acqsys001278,UTILIZES
A2100,DOA,acqsys001294,UTILIZES
A2100,DOA,acqsys001383,UTILIZES
A2100,DOA,acqsys001384,UTILIZES
A2100,DOA,acqsys001385,UTILIZES
A2100,DOA,acqsys001386,UTILIZES
A2100,DOA,acqsys001622,UTILIZES
A2100,DOA,acqsys002529,UTILIZES
A2100,DOA,acqsys002543,UTILIZES
A2100,DOA,acqsys002545,UTILIZES
A2100,DOA,acqsys002554,UTILIZES
A2100,DOA,acqsys002555,UTILIZES
A2100,DOA,acqsys002562,UTILIZES
A2100,DOA,acqsys002565,UTILIZES
A2100,DOA,acqsys002566,UTILIZES
A2100,DOA,acqsys002570,UTILIZES
A2100,DOA,acqsys002615,UTILIZES
A2100,DOA,acqsys002620,UTILIZES
A2100,DOA,acqsys002646,UTILIZES
A2100,DOA,acqsys002647,UTILIZES
A2100,DOA,acqsys002648,UTILIZES
A2100,DOA,acqsys002649,UTILIZES
A2100,DOA,acqsys002651,UTILIZES
A2100,DOA,acqsys002654,UTILIZES
A2100,DOA,acqsys002670,UTILIZES
A2100,DOA,acqsys002679,UTILIZES
A2100,DOA,acqsys002686,UTILIZES
A2100,DOA,acqsys002699,UTILIZES
A2100,DOA,acqsys002700,UTILIZES
A2100,DOA,acqsys002731,UTILIZES
A2100,DOA,acqsys002745,UTILIZES
A2100,DOA,acqsys002762,UTILIZES
A2100,DOA,acqsys002770,UTILIZES
A2100,DOA,acqsys002780,UTILIZES
A2100,DOA,acqsys002806,UTILIZES
A2100,DOA,acqsys002808,UTILIZES
A2100,DOA,acqsys002818,UTILIZES
A2100,DOA,acqsys002860,UTILIZES
A2100,DOA,acqsys002862,UTILIZES
A2100,DOA,acqsys002903,UTILIZES
A2100,DOA,acqsys002904,UTILIZES
A2100,DOA,acqsys002907,UTILIZES
A2100,DOA,acqsys002918,UTILIZES
A2100,DOA,acqsys002943,UTILIZES
A2100,DOA,acqsys002953,UTILIZES
A2100,DOA,acqsys002959,UTILIZES
A2100,DOA,acqsys002965,UTILIZES
A2100,DOA,acqsys003005,UTILIZES
A2100,DOA,acqsys003053,UTILIZES
A2100,DOA,acqsys003078,UTILIZES
A2100,DOA,acqsys003323,UTILIZES
A2100,DOA,acqsys003402,UTILIZES
A2100,DOA,acqsys003635,UTILIZES
A2100,DOA,acqsys003684,UTILIZES
A2100,DOA,acqsys003706,UTILIZES
A2100,DOA,acqsys003722,UTILIZES
A2100,DOA,acqsys003723,UTILIZES
A2100,DOA,acqsys003724,UTILIZES
A2100,DOA,acqsys003743,UTILIZES
A2100,DOA,acqsys003750,UTILIZES
A2100,DOA,acqsys003762,UTILIZES
A2100,DOA,acqsys003776,UTILIZES
A2100,DOA,acqsys003777,UTILIZES
A2100,DOA,acqsys003795,UTILIZES
A2100,DOA,acqsys003798,UTILIZES
A2100,DOA,acqsys003799,UTILIZES
A2100,DOA,acqsys003867,UTILIZES
A2100,DOA,acqsys003900,UTILIZES
A2100,DOA,acqsys003908,UTILIZES
A2100,DOA,acqsys003926,UTILIZES
A2100,DOA,acqsys003930,UTILIZES
A2100,DOA,acqsys003932,UTILIZES
A2100,DOA,acqsys003942,UTILIZES
A2100,DOA,acqsys003957,UTILIZES
A2100,DOA,acqsys003959,UTILIZES
A2100,DOA,acqsys003960,UTILIZES
A2100,DOA,acqsys003962,UTILIZES
A2100,DOA,acqsys003963,UTILIZES
A2100,DOA,acqsys003980,UTILIZES
A2100,DOA,acqsys003996,UTILIZES
A2100,DOA,acqsys003997,UTILIZES
A2100,DOA,acqsys004004,UTILIZES
A2100,DOA,acqsys004101,UTILIZES
A2100,DOA,acqsys004102,UTILIZES
A2100,DOA,acqsys004103,UTILIZES
A2100,DOA,acqsys004104,UTILIZES
A2100,DOA,acqsys004105,UTILIZES
A2100,DOA,acqsys004106,UTILIZES
A2100,DOA,acqsys004110,UTILIZES
A2100,DOA,acqsys004111,UTILIZES
A2100,DOA,acqsys004112,UTILIZES
A2100,DOA,acqsys004118,UTILIZES
A2100,DOA,acqsys004120,UTILIZES
A2100,DOA,acqsys004179,UTILIZES
A2100,DOA,acqsys004202,UTILIZES
A2100,DOA,acqsys004205,UTILIZES
A2100,DOA,acqsys006167,UTILIZES
A2100,DOA,acqsys006182,UTILIZES
A2100,DOA,acqsys006184,UTILIZES
A2100,DOA,acqsys006207,UTILIZES
A2100,DOA,acqsys006208,UTILIZES
A2100,DOA,acqsys006216,UTILIZES
A2100,DOA,acqsys006218,UTILIZES
A2100,DOA,acqsys006219,UTILIZES
A2100,DOA,acqsys006225,UTILIZES
A2100,DOA,acqsys006227,UTILIZES
A2100,DOA,acqsys006236,UTILIZES
A2100,DOA,acqsys006237,UTILIZES
A2100,DOA,acqsys006248,UTILIZES
A2100,DOA,acqsys006253,UTILIZES
A2100,DOA,acqsys006274,UTILIZES
A2100,DOA,acqsys006275,UTILIZES
A2100,DOA,acqsys006277,UTILIZES
A2100,DOA,acqsys006298,UTILIZES
A2100,DOA,acqsys006299,UTILIZES
A2100,DOA,acqsys006302,UTILIZES
A2100,DOA,acqsys006303,UTILIZES
A2100,DOA,acqsys006309,UTILIZES
A2100,DOA,acqsys006313,UTILIZES
A2100,DOA,acqsys006335,UTILIZES
A2100,DOA,acqsys006343,UTILIZES
A2100,DOA,acqsys006348,UTILIZES
A2100,DOA,acqsys006352,UTILIZES
A2100,DOA,acqsys006353,UTILIZES
A2100,DOA,acqsys006356,UTILIZES
A2100,DOA,acqsys006360,UTILIZES
A2100,DOA,acqsys006389,UTILIZES
A2100,DOA,acqsys006404,UTILIZES
A2100,DOA,acqsys006405,UTILIZES
A2100,DOA,acqsys006417,UTILIZES
A2100,DOA,acqsys006420,UTILIZES
A2100,DOA,acqsys006421,UTILIZES
A2100,DOA,acqsys006422,UTILIZES
A2100,DOA,acqsys006423,UTILIZES
A2100,DOA,acqsys006424,UTILIZES
A2100,DOA,acqsys006428,UTILIZES
A2100,DOA,acqsys006442,UTILIZES
A2100,DOA,acqsys006449,UTILIZES
A2100,DOA,acqsys006450,UTILIZES
A2100,DOA,acqsys006459,UTILIZES
A2100,DOA,acqsys006467,UTILIZES
A2100,DOA,acqsys006468,UTILIZES
A2100,DOA,acqsys006469,UTILIZES
A2100,DOA,acqsys006476,UTILIZES
A2100,DOA,acqsys006513,UTILIZES
A2100,DOA,acqsys006520,UTILIZES
A2100,DOA,acqsys006548,UTILIZES
A2100,DOA,acqsys006550,UTILIZES
A2100,DOA,acqsys006554,UTILIZES
A2100,DOA,acqsys006557,UTILIZES
A2100,DOA,acqsys006558,UTILIZES
A2100,DOA,acqsys006559,UTILIZES
A2100,DOA,acqsys006560,UTILIZES
A2100,DOA,acqsys006573,UTILIZES
A2100,DOA,acqsys006606,UTILIZES
A2100,DOA,acqsys006623,UTILIZES
A2100,DOA,acqsys006625,UTILIZES
A2100,DOA,acqsys006626,UTILIZES
A2100,DOA,acqsys006640,UTILIZES
A2100,DOA,acqsys007374,UTILIZES
A2100,DOA,acqsys007399,UTILIZES
A2100,DOA,acqsys007409,UTILIZES
A2100,DOA,acqsys007417,UTILIZES
A2100,DOA,acqsys007427,UTILIZES
A2100,DOA,acqsys007435,UTILIZES
A2100,DOA,acqsys007443,UTILIZES
A2100,DOA,acqsys007444,UTILIZES
A2100,DOA,acqsys007455,UTILIZES
A2100,DOA,acqsys007666,UTILIZES
A2100,DOA,acqsys007970,UTILIZES
A2100,DOA,acqsys008800,UTILIZES
A2100,DOA,acqsys009158,UTILIZES
A2100,DOA,acqsys009534,UTILIZES
A2100,DOA,acqsys009789,UTILIZES
A2100,DOA,acqsys009898,UTILIZES
A2100,DOA,acqsys010470,UTILIZES
A2100,DOA,acqsys010581,UTILIZES
A2100,DOA,acqsys011737,UTILIZES
A2100,DOA,acqsys011738,UTILIZES
A2100,DOA,acqsys011745,UTILIZES
A2100,DOA,acqsys011883,UTILIZES
A2100,DOA,acqsys012175,UTILIZES
A2100,DOA,acqsys012314,UTILIZES
A2100,DOA,acqsys012578,UTILIZES
A2100,DOA,acqsys013938,UTILIZES
A2100,DOA,acqsys014039,UTILIZES
A2100,DOA,acqsys014177,UTILIZES
A2100,DOA,acqsys015154,UTILIZES
A2100,DOA,acqsys015288,UTILIZES
A2100,DOA,acqsys015361,UTILIZES
A2100,DOA,acqsys015430,UTILIZES
A2100,DOA,acqsys015499,UTILIZES
A2100,DOA,acqsys015664,UTILIZES
A2100,DOA,acqsys015699,UTILIZES
A2100,DOA,acqsys015741,UTILIZES
A2100,DOA,acqsys015820,UTILIZES
A2100,DOA,acqsys016023,UTILIZES
A2100,DOA,acqsys016135,UTILIZES
A2100,DOA,acqsys016136,UTILIZES
A2100,DOA,acqsys016145,UTILIZES
A2100,DOA,acqsys016165,UTILIZES
A2100,DOA,acqsys016471,UTILIZES
A2100,DOA,acqsys016745,UTILIZES
A2100,DOA,acqsys016805,UTILIZES
A2100,DOA,acqsys016810,UTILIZES
A2100,DOA,acqsys016923,UTILIZES
A2100,DOA,acqsys016930,UTILIZES
A2100,DOA,acqsys016996,UTILIZES
A2100,DOA,acqsys017001,UTILIZES
A2100,DOA,acqsys017003,UTILIZES
A2100,DOA,acqsys017051,UTILIZES
A2100,DOA,acqsys017252,UTILIZES
A2100,DOA,acqsys017882,UTILIZES
A2100,DOA,acqsys017896,UTILIZES
A2100,DOA,acqsys017970,UTILIZES
A2100,DOA,acqsys020933,UTILIZES
A2100,DOA,acqsys023055,UTILIZES
A2100,DOA,acqsys023135,UTILIZES
A2100,DOA,acqsys027702,UTILIZES
A2100,DOA,acqsys027858,UTILIZES
A2100,DOA,acqsys027875,UTILIZES
A2100,DOA,acqsys028739,UTILIZES
A2100,DOA,acqsys029083,UTILIZES
A2100,DOA,acqsys030607,UTILIZES
A2100,DOA,acqsys030612,UTILIZES
A2100,DOA,acqsys037585,UTILIZES
A5700,DOAF,acqsys000384,UTILIZES
A5700,DOAF,acqsys000402,UTILIZES
A5700,DOAF,acqsys000403,UTILIZES
A5700,DOAF,acqsys000405,UTILIZES
A5700,DOAF,acqsys000409,UTILIZES
A5700,DOAF,acqsys000411,UTILIZES
A5700,DOAF,acqsys000438,UTILIZES
A5700,DOAF,acqsys000439,UTILIZES
A5700,DOAF,acqsys000927,UTILIZES
A5700,DOAF,acqsys001084,UTILIZES
A5700,DOAF,acqsys001085,UTILIZES
A5700,DOAF,acqsys001086,UTILIZES
A5700,DOAF,acqsys001087,UTILIZES
A5700,DOAF,acqsys001088,UTILIZES
A5700,DOAF,acqsys001089,UTILIZES
A5700,DOAF,acqsys001090,UTILIZES
A5700,DOAF,acqsys001091,UTILIZES
A5700,DOAF,acqsys001093,UTILIZES
A5700,DOAF,acqsys001094,UTILIZES
A5700,DOAF,acqsys001095,UTILIZES
A5700,DOAF,acqsys001096,UTILIZES
A5700,DOAF,acqsys001097,UTILIZES
A5700,DOAF,acqsys001098,UTILIZES
A5700,DOAF,acqsys001099,UTILIZES
A5700,DOAF,acqsys001101,UTILIZES
A5700,DOAF,acqsys001102,UTILIZES
A5700,DOAF,acqsys001104,UTILIZES
A5700,DOAF,acqsys001105,UTILIZES
A5700,DOAF,acqsys001106,UTILIZES
A5700,DOAF,acqsys001107,UTILIZES
A5700,DOAF,acqsys001108,UTILIZES
A5700,DOAF,acqsys001109,UTILIZES
A5700,DOAF,acqsys001110,UTILIZES
A5700,DOAF,acqsys001111,UTILIZES
A5700,DOAF,acqsys001112,UTILIZES
A5700,DOAF,acqsys001113,UTILIZES
A5700,DOAF,acqsys001114,UTILIZES
A5700,DOAF,acqsys001115,UTILIZES
A5700,DOAF,acqsys001116,UTILIZES
A5700,DOAF,acqsys001117,UTILIZES
A5700,DOAF,acqsys001118,UTILIZES
A5700,DOAF,acqsys001120,UTILIZES
A5700,DOAF,acqsys001121,UTILIZES
A5700,DOAF,acqsys001122,UTILIZES
A5700,DOAF,acqsys001123,UTILIZES
A5700,DOAF,acqsys001124,UTILIZES
A5700,DOAF,acqsys001125,UTILIZES
A5700,DOAF,acqsys001128,UTILIZES
A5700,DOAF,acqsys001130,UTILIZES
A5700,DOAF,acqsys001131,UTILIZES
A5700,DOAF,acqsys001132,UTILIZES
A5700,DOAF,acqsys001134,UTILIZES
A5700,DOAF,acqsys001135,UTILIZES
A5700,DOAF,acqsys001136,UTILIZES
A5700,DOAF,acqsys001137,UTILIZES
A5700,DOAF,acqsys001138,UTILIZES
A5700,DOAF,acqsys001139,UTILIZES
A5700,DOAF,acqsys001140,UTILIZES
A5700,DOAF,acqsys001141,UTILIZES
A5700,DOAF,acqsys001142,UTILIZES
A5700,DOAF,acqsys001143,UTILIZES
A5700,DOAF,acqsys001144,UTILIZES
A5700,DOAF,acqsys001145,UTILIZES
A5700,DOAF,acqsys001146,UTILIZES
A5700,DOAF,acqsys001148,UTILIZES
A5700,DOAF,acqsys001150,UTILIZES
A5700,DOAF,acqsys001151,UTILIZES
A5700,DOAF,acqsys001152,UTILIZES
A5700,DOAF,acqsys001153,UTILIZES
A5700,DOAF,acqsys001154,UTILIZES
A5700,DOAF,acqsys001155,UTILIZES
A5700,DOAF,acqsys001156,UTILIZES
A5700,DOAF,acqsys001157,UTILIZES
A5700,DOAF,acqsys001158,UTILIZES
A5700,DOAF,acqsys001159,UTILIZES
A5700,DOAF,acqsys001160,UTILIZES
A5700,DOAF,acqsys001161,UTILIZES
A5700,DOAF,acqsys001162,UTILIZES
A5700,DOAF,acqsys001163,UTILIZES
A5700,DOAF,acqsys001164,UTILIZES
A5700,DOAF,acqsys001165,UTILIZES
A5700,DOAF,acqsys001166,UTILIZES
A5700,DOAF,acqsys001167,UTILIZES
A5700,DOAF,acqsys001168,UTILIZES
A5700,DOAF,acqsys001169,UTILIZES
A5700,DOAF,acqsys001170,UTILIZES
A5700,DOAF,acqsys001171,UTILIZES
A5700,DOAF,acqsys001172,UTILIZES
A5700,DOAF,acqsys001173,UTILIZES
A5700,DOAF,acqsys001174,UTILIZES
A5700,DOAF,acqsys001285,UTILIZES
A5700,DOAF,acqsys001313,UTILIZES
A5700,DOAF,acqsys001314,UTILIZES
A5700,DOAF,acqsys001315,UTILIZES
A5700,DOAF,acqsys001316,UTILIZES
A5700,DOAF,acqsys001317,UTILIZES
A5700,DOAF,acqsys001318,UTILIZES
A5700,DOAF,acqsys001382,UTILIZES
A5700,DOAF,acqsys001388,UTILIZES
A5700,DOAF,acqsys001389,UTILIZES
A5700,DOAF,acqsys001404,UTILIZES
A5700,DOAF,acqsys001405,UTILIZES
A5700,DOAF,acqsys001407,UTILIZES
A5700,DOAF,acqsys001408,UTILIZES
A5700,DOAF,acqsys001409,UTILIZES
A5700,DOAF,acqsys001410,UTILIZES
A5700,DOAF,acqsys001411,UTILIZES
A5700,DOAF,acqsys001412,UTILIZES
A5700,DOAF,acqsys001413,UTILIZES
A5700,DOAF,acqsys001414,UTILIZES
A5700,DOAF,acqsys001415,UTILIZES
A5700,DOAF,acqsys001416,UTILIZES
A5700,DOAF,acqsys001417,UTILIZES
A5700,DOAF,acqsys001418,UTILIZES
A5700,DOAF,acqsys001419,UTILIZES
A5700,DOAF,acqsys001420,UTILIZES
A5700,DOAF,acqsys001421,UTILIZES
A5700,DOAF,acqsys001422,UTILIZES
A5700,DOAF,acqsys001423,UTILIZES
A5700,DOAF,acqsys001424,UTILIZES
A5700,DOAF,acqsys001425,UTILIZES
A5700,DOAF,acqsys001426,UTILIZES
A5700,DOAF,acqsys001427,UTILIZES
A5700,DOAF,acqsys001428,UTILIZES
A5700,DOAF,acqsys001429,UTILIZES
A5700,DOAF,acqsys001430,UTILIZES
A5700,DOAF,acqsys001431,UTILIZES
A5700,DOAF,acqsys001432,UTILIZES
A5700,DOAF,acqsys001434,UTILIZES
A5700,DOAF,acqsys001435,UTILIZES
A5700,DOAF,acqsys001448,UTILIZES
A5700,DOAF,acqsys001449,UTILIZES
A5700,DOAF,acqsys001450,UTILIZES
A5700,DOAF,acqsys001456,UTILIZES
A5700,DOAF,acqsys001458,UTILIZES
A5700,DOAF,acqsys001459,UTILIZES
A5700,DOAF,acqsys001462,UTILIZES
A5700,DOAF,acqsys001671,UTILIZES
A5700,DOAF,acqsys001699,UTILIZES
A5700,DOAF,acqsys001726,UTILIZES
A5700,DOAF,acqsys001732,UTILIZES
A5700,DOAF,acqsys001735,UTILIZES
A5700,DOAF,acqsys001756,UTILIZES
A5700,DOAF,acqsys001757,UTILIZES
A5700,DOAF,acqsys001761,UTILIZES
A5700,DOAF,acqsys001762,UTILIZES
A5700,DOAF,acqsys001777,UTILIZES
A5700,DOAF,acqsys001837,UTILIZES
A5700,DOAF,acqsys001841,UTILIZES
A5700,DOAF,acqsys001846,UTILIZES
A5700,DOAF,acqsys001874,UTILIZES
A5700,DOAF,acqsys001896,UTILIZES
A5700,DOAF,acqsys001942,UTILIZES
A5700,DOAF,acqsys001994,UTILIZES
A5700,DOAF,acqsys001996,UTILIZES
A5700,DOAF,acqsys002003,UTILIZES
A5700,DOAF,acqsys002006,UTILIZES
A5700,DOAF,acqsys002019,UTILIZES
A5700,DOAF,acqsys002027,UTILIZES
A5700,DOAF,acqsys002028,UTILIZES
A5700,DOAF,acqsys002047,UTILIZES
A5700,DOAF,acqsys002085,UTILIZES
A5700,DOAF,acqsys002087,UTILIZES
A5700,DOAF,acqsys002121,UTILIZES
A5700,DOAF,acqsys002125,UTILIZES
A5700,DOAF,acqsys002129,UTILIZES
A5700,DOAF,acqsys002139,UTILIZES
A5700,DOAF,acqsys002194,UTILIZES
A5700,DOAF,acqsys002216,UTILIZES
A5700,DOAF,acqsys002231,UTILIZES
A5700,DOAF,acqsys002266,UTILIZES
A5700,DOAF,acqsys002267,UTILIZES
A5700,DOAF,acqsys002285,UTILIZES
A5700,DOAF,acqsys002289,UTILIZES
A5700,DOAF,acqsys002299,UTILIZES
A5700,DOAF,acqsys002303,UTILIZES
A5700,DOAF,acqsys002304,UTILIZES
A5700,DOAF,acqsys002308,UTILIZES
A5700,DOAF,acqsys002318,UTILIZES
A5700,DOAF,acqsys002319,UTILIZES
A5700,DOAF,acqsys002320,UTILIZES
A5700,DOAF,acqsys002326,UTILIZES
A5700,DOAF,acqsys002327,UTILIZES
A5700,DOAF,acqsys002347,UTILIZES
A5700,DOAF,acqsys002365,UTILIZES
A5700,DOAF,acqsys002375,UTILIZES
A5700,DOAF,acqsys002378,UTILIZES
A5700,DOAF,acqsys002382,UTILIZES
A5700,DOAF,acqsys002386,UTILIZES
A5700,DOAF,acqsys002390,UTILIZES
A5700,DOAF,acqsys002429,UTILIZES
A5700,DOAF,acqsys002437,UTILIZES
A5700,DOAF,acqsys002438,UTILIZES
A5700,DOAF,acqsys002439,UTILIZES
A5700,DOAF,acqsys002441,UTILIZES
A5700,DOAF,acqsys002476,UTILIZES
A5700,DOAF,acqsys002480,UTILIZES
A5700,DOAF,acqsys002488,UTILIZES
A5700,DOAF,acqsys002501,UTILIZES
A5700,DOAF,acqsys002514,UTILIZES
A5700,DOAF,acqsys002515,UTILIZES
A5700,DOAF,acqsys003118,UTILIZES
A5700,DOAF,acqsys005842,UTILIZES
A5700,DOAF,acqsys005888,UTILIZES
A5700,DOAF,acqsys005894,UTILIZES
A5700,DOAF,acqsys005900,UTILIZES
A5700,DOAF,acqsys006664,UTILIZES
A5700,DOAF,acqsys007156,UTILIZES
A5700,DOAF,acqsys007184,UTILIZES
A5700,DOAF,acqsys007723,UTILIZES
A5700,DOAF,acqsys007748,UTILIZES
A5700,DOAF,acqsys007749,UTILIZES
A5700,DOAF,acqsys007834,UTILIZES
A5700,DOAF,acqsys007851,UTILIZES
A5700,DOAF,acqsys007855,UTILIZES
A5700,DOAF,acqsys007909,UTILIZES
A5700,DOAF,acqsys008358,UTILIZES
A5700,DOAF,acqsys008359,UTILIZES
A5700,DOAF,acqsys008363,UTILIZES
A5700,DOAF,acqsys008382,UTILIZES
A5700,DOAF,acqsys008427,UTILIZES
A5700,DOAF,acqsys008746,UTILIZES
A5700,DOAF,acqsys008783,UTILIZES
A5700,DOAF,acqsys008877,UTILIZES
A5700,DOAF,acqsys008878,UTILIZES
A5700,DOAF,acqsys008894,UTILIZES
A5700,DOAF,acqsys008895,UTILIZES
A5700,DOAF,acqsys008898,UTILIZES
A5700,DOAF,acqsys008976,UTILIZES
A5700,DOAF,acqsys008982,UTILIZES
A5700,DOAF,acqsys008985,UTILIZES
A5700,DOAF,acqsys008986,UTILIZES
A5700,DOAF,acqsys009056,UTILIZES
A5700,DOAF,acqsys009122,UTILIZES
A5700,DOAF,acqsys009125,UTILIZES
A5700,DOAF,acqsys009144,UTILIZES
A5700,DOAF,acqsys009146,UTILIZES
A5700,DOAF,acqsys009147,UTILIZES
A5700,DOAF,acqsys009224,UTILIZES
A5700,DOAF,acqsys009247,UTILIZES
A5700,DOAF,acqsys009248,UTILIZES
A5700,DOAF,acqsys009249,UTILIZES
A5700,DOAF,acqsys009265,UTILIZES
A5700,DOAF,acqsys009274,UTILIZES
A5700,DOAF,acqsys009364,UTILIZES
A5700,DOAF,acqsys009462,UTILIZES
A5700,DOAF,acqsys009496,UTILIZES
A5700,DOAF,acqsys009497,UTILIZES
A5700,DOAF,acqsys009545,UTILIZES
A5700,DOAF,acqsys009586,UTILIZES
A5700,DOAF,acqsys009625,UTILIZES
A5700,DOAF,acqsys009634,UTILIZES
A5700,DOAF,acqsys009690,UTILIZES
A5700,DOAF,acqsys009707,UTILIZES
A5700,DOAF,acqsys009743,UTILIZES
A5700,DOAF,acqsys009760,UTILIZES
A5700,DOAF,acqsys009807,UTILIZES
A5700,DOAF,acqsys009809,UTILIZES
A5700,DOAF,acqsys009813,UTILIZES
A5700,DOAF,acqsys009911,UTILIZES
A5700,DOAF,acqsys010007,UTILIZES
A5700,DOAF,acqsys010037,UTILIZES
A5700,DOAF,acqsys010042,UTILIZES
A5700,DOAF,acqsys010093,UTILIZES
A5700,DOAF,acqsys010287,UTILIZES
A5700,DOAF,acqsys010309,UTILIZES
A5700,DOAF,acqsys010439,UTILIZES
A5700,DOAF,acqsys010630,UTILIZES
A5700,DOAF,acqsys010672,UTILIZES
A5700,DOAF,acqsys010762,UTILIZES
A5700,DOAF,acqsys010886,UTILIZES
A5700,DOAF,acqsys011194,UTILIZES
A5700,DOAF,acqsys011304,UTILIZES
A5700,DOAF,acqsys011576,UTILIZES
A5700,DOAF,acqsys011921,UTILIZES
A5700,DOAF,acqsys011947,UTILIZES
A5700,DOAF,acqsys011951,UTILIZES
A5700,DOAF,acqsys011955,UTILIZES
A5700,DOAF,acqsys011973,UTILIZES
A5700,DOAF,acqsys012191,UTILIZES
A5700,DOAF,acqsys012370,UTILIZES
A5700,DOAF,acqsys012530,UTILIZES
A5700,DOAF,acqsys012649,UTILIZES
A5700,DOAF,acqsys012811,UTILIZES
A5700,DOAF,acqsys013699,UTILIZES
A5700,DOAF,acqsys013700,UTILIZES
A5700,DOAF,acqsys013754,UTILIZES
A5700,DOAF,acqsys013878,UTILIZES
A5700,DOAF,acqsys014371,UTILIZES
A5700,DOAF,acqsys014778,UTILIZES
A5700,DOAF,acqsys014786,UTILIZES
A5700,DOAF,acqsys015822,UTILIZES
A5700,DOAF,acqsys015824,UTILIZES
A5700,DOAF,acqsys015851,UTILIZES
A5700,DOAF,acqsys015855,UTILIZES
A5700,DOAF,acqsys015971,UTILIZES
A5700,DOAF,acqsys016210,UTILIZES
A5700,DOAF,acqsys016292,UTILIZES
A5700,DOAF,acqsys016409,UTILIZES
A5700,DOAF,acqsys016410,UTILIZES
A5700,DOAF,acqsys016411,UTILIZES
A5700,DOAF,acqsys016598,UTILIZES
A5700,DOAF,acqsys016701,UTILIZES
A5700,DOAF,acqsys016734,UTILIZES
A5700,DOAF,acqsys016840,UTILIZES
A5700,DOAF,acqsys016892,UTILIZES
A5700,DOAF,acqsys016893,UTILIZES
A5700,DOAF,acqsys016956,UTILIZES
A5700,DOAF,acqsys017101,UTILIZES
A5700,DOAF,acqsys017651,UTILIZES
A5700,DOAF,acqsys017804,UTILIZES
A5700,DOAF,acqsys019973,UTILIZES
D1300,DOC,acqsys060014,UTILIZES
D1300,DOC,acqsys060046,UTILIZES
D9700,DoD,acqsys000351,UTILIZES
D9700,DoD,acqsys000358,UTILIZES
D9700,DoD,acqsys000407,UTILIZES
D9700,DoD,acqsys000410,UTILIZES
D9700,DoD,acqsys000412,UTILIZES
D9700,DoD,acqsys000418,UTILIZES
D9700,DoD,acqsys000421,UTILIZES
D9700,DoD,acqsys000423,UTILIZES
D9700,DoD,acqsys000428,UTILIZES
D9700,DoD,acqsys000431,UTILIZES
D9700,DoD,acqsys000432,UTILIZES
D9700,DoD,acqsys000480,UTILIZES
D9700,DoD,acqsys000489,UTILIZES
D9700,DoD,acqsys000829,UTILIZES
D9700,DoD,acqsys000869,UTILIZES
D9700,DoD,acqsys001184,UTILIZES
D9700,DoD,acqsys001189,UTILIZES
D9700,DoD,acqsys001190,UTILIZES
D9700,DoD,acqsys001191,UTILIZES
D9700,DoD,acqsys001467,UTILIZES
D9700,DoD,acqsys001638,UTILIZES
D9700,DoD,acqsys001643,UTILIZES
D9700,DoD,acqsys001644,UTILIZES
D9700,DoD,acqsys001645,UTILIZES
D9700,DoD,acqsys001646,UTILIZES
D9700,DoD,acqsys001647,UTILIZES
D9700,DoD,acqsys001648,UTILIZES
D9700,DoD,acqsys001649,UTILIZES
D9700,DoD,acqsys001651,UTILIZES
D9700,DoD,acqsys001680,UTILIZES
D9700,DoD,acqsys001683,UTILIZES
D9700,DoD,acqsys003279,UTILIZES
D9700,DoD,acqsys003280,UTILIZES
D9700,DoD,acqsys003287,UTILIZES
D9700,DoD,acqsys004237,UTILIZES
D9700,DoD,acqsys004313,UTILIZES
D9700,DoD,acqsys005745,UTILIZES
D9700,DoD,acqsys005941,UTILIZES
D9700,DoD,acqsys005968,UTILIZES
D9700,DoD,acqsys005971,UTILIZES
D9700,DoD,acqsys005972,UTILIZES
D9700,DoD,acqsys005973,UTILIZES
D9700,DoD,acqsys005974,UTILIZES
D9700,DoD,acqsys005975,UTILIZES
D9700,DoD,acqsys005976,UTILIZES
D9700,DoD,acqsys005977,UTILIZES
D9700,DoD,acqsys005978,UTILIZES
D9700,DoD,acqsys005979,UTILIZES
D9700,DoD,acqsys005980,UTILIZES
D9700,DoD,acqsys005981,UTILIZES
D9700,DoD,acqsys005982,UTILIZES
D9700,DoD,acqsys005984,UTILIZES
D9700,DoD,acqsys005985,UTILIZES
D9700,DoD,acqsys005990,UTILIZES
D9700,DoD,acqsys005991,UTILIZES
D9700,DoD,acqsys005992,UTILIZES
D9700,DoD,acqsys005993,UTILIZES
D9700,DoD,acqsys005999,UTILIZES
D9700,DoD,acqsys006035,UTILIZES
D9700,DoD,acqsys006038,UTILIZES
D9700,DoD,acqsys006039,UTILIZES
D9700,DoD,acqsys006041,UTILIZES
D9700,DoD,acqsys006044,UTILIZES
D9700,DoD,acqsys006045,UTILIZES
D9700,DoD,acqsys006046,UTILIZES
D9700,DoD,acqsys006047,UTILIZES
D9700,DoD,acqsys006763,UTILIZES
D9700,DoD,acqsys006766,UTILIZES
D9700,DoD,acqsys006771,UTILIZES
D9700,DoD,acqsys006823,UTILIZES
D9700,DoD,acqsys007515,UTILIZES
D9700,DoD,acqsys007528,UTILIZES
D9700,DoD,acqsys007894,UTILIZES
D9700,DoD,acqsys008426,UTILIZES
D9700,DoD,acqsys008726,UTILIZES
D9700,DoD,acqsys008727,UTILIZES
D9700,DoD,acqsys008868,UTILIZES
D9700,DoD,acqsys009026,UTILIZES
D9700,DoD,acqsys009027,UTILIZES
D9700,DoD,acqsys009028,UTILIZES
D9700,DoD,acqsys009328,UTILIZES
D9700,DoD,acqsys009474,UTILIZES
D9700,DoD,acqsys011013,UTILIZES
D9700,DoD,acqsys011018,UTILIZES
D9700,DoD,acqsys011330,UTILIZES
D9700,DoD,acqsys011857,UTILIZES
D9700,DoD,acqsys011975,UTILIZES
D9700,DoD,acqsys012245,UTILIZES
D9700,DoD,acqsys012357,UTILIZES
D9700,DoD,acqsys012359,UTILIZES
D9700,DoD,acqsys012509,UTILIZES
D9700,DoD,acqsys013296,UTILIZES
D9700,DoD,acqsys013416,UTILIZES
D9700,DoD,acqsys013867,UTILIZES
D9700,DoD,acqsys014249,UTILIZES
D9700,DoD,acqsys014576,UTILIZES
D9700,DoD,acqsys015079,UTILIZES
D9700,DoD,acqsys015080,UTILIZES
D9700,DoD,acqsys015081,UTILIZES
D9700,DoD,acqsys015451,UTILIZES
D9700,DoD,acqsys015864,UTILIZES
D9700,DoD,acqsys015869,UTILIZES
D9700,DoD,acqsys015872,UTILIZES
D9700,DoD,acqsys015874,UTILIZES
D9700,DoD,acqsys015891,UTILIZES
D9700,DoD,acqsys015896,UTILIZES
D9700,DoD,acqsys015913,UTILIZES
D9700,DoD,acqsys015916,UTILIZES
D9700,DoD,acqsys015921,UTILIZES
D9700,DoD,acqsys015922,UTILIZES
D9700,DoD,acqsys015925,UTILIZES
D9700,DoD,acqsys015926,UTILIZES
D9700,DoD,acqsys015927,UTILIZES
D9700,DoD,acqsys015928,UTILIZES
D9700,DoD,acqsys015929,UTILIZES
D9700,DoD,acqsys015972,UTILIZES
D9700,DoD,acqsys015973,UTILIZES
D9700,DoD,acqsys016048,UTILIZES
D9700,DoD,acqsys016074,UTILIZES
D9700,DoD,acqsys016095,UTILIZES
D9700,DoD,acqsys016096,UTILIZES
D9700,DoD,acqsys016131,UTILIZES
D9700,DoD,acqsys016243,UTILIZES
D9700,DoD,acqsys016247,UTILIZES
D9700,DoD,acqsys016561,UTILIZES
D9700,DoD,acqsys016575,UTILIZES
D9700,DoD,acqsys016582,UTILIZES
D9700,DoD,acqsys016756,UTILIZES
D9700,DoD,acqsys016987,UTILIZES
D9700,DoD,acqsys017162,UTILIZES
D9700,DoD,acqsys017222,UTILIZES
D9700,DoD,acqsys017552,UTILIZES
D9700,DoD,acqsys017612,UTILIZES
D9700,DoD,acqsys017666,UTILIZES
D9700,DoD,acqsys017690,UTILIZES
D9700,DoD,acqsys017713,UTILIZES
D9700,DoD,acqsys017832,UTILIZES
D9700,DoD,acqsys021654,UTILIZES
D9700,DoD,acqsys022255,UTILIZES
D9700,DoD,acqsys022681,UTILIZES
D9700,DoD,acqsys023257,UTILIZES
D9700,DoD,acqsys023315,UTILIZES
D9700,DoD,acqsys023317,UTILIZES
D9700,DoD,acqsys023318,UTILIZES
D9700,DoD,acqsys023456,UTILIZES
D9700,DoD,acqsys023457,UTILIZES
D9700,DoD,acqsys023496,UTILIZES
D9700,DoD,acqsys023497,UTILIZES
D9700,DoD,acqsys025926,UTILIZES
D9700,DoD,acqsys025946,UTILIZES
D9700,DoD,acqsys026689,UTILIZES
D9700,DoD,acqsys028617,UTILIZES
D9700,DoD,acqsys029283,UTILIZES
D9700,DoD,acqsys047700,UTILIZES
D9700,DoD,acqsys052022,UTILIZES
D8900,DOE,acqsys060001,UTILIZES
D8900,DOE,acqsys060080,UTILIZES
D1400,DOI,acqsys060070,UTILIZES
D1500,DOJ,acqsys060002,UTILIZES
D1500,DOJ,acqsys060071,UTILIZES
D1500,DOJ,acqsys060081,UTILIZES
D1600,DOL,acqsys060010,UTILIZES
A1700,DON,acqsys000392,UTILIZES
A1700,DON,acqsys000413,UTILIZES
A1700,DON,acqsys000422,UTILIZES
A1700,DON,acqsys000424,UTILIZES
A1700,DON,acqsys000425,UTILIZES
A1700,DON,acqsys000701,UTILIZES
A1700,DON,acqsys000703,UTILIZES
A1700,DON,acqsys000706,UTILIZES
A1700,DON,acqsys000738,UTILIZES
A1700,DON,acqsys000741,UTILIZES
A1700,DON,acqsys000754,UTILIZES
A1700,DON,acqsys000776,UTILIZES
A1700,DON,acqsys001240,UTILIZES
A1700,DON,acqsys001514,UTILIZES
A1700,DON,acqsys001525,UTILIZES
A1700,DON,acqsys001537,UTILIZES
A1700,DON,acqsys001553,UTILIZES
A1700,DON,acqsys001566,UTILIZES
A1700,DON,acqsys001585,UTILIZES
A1700,DON,acqsys004598,UTILIZES
A1700,DON,acqsys004645,UTILIZES
A1700,DON,acqsys005461,UTILIZES
A1700,DON,acqsys005538,UTILIZES
A1700,DON,acqsys005543,UTILIZES
A1700,DON,acqsys005614,UTILIZES
A1700,DON,acqsys005623,UTILIZES
A1700,DON,acqsys005645,UTILIZES
A1700,DON,acqsys005696,UTILIZES
A1700,DON,acqsys005704,UTILIZES
A1700,DON,acqsys006685,UTILIZES
A1700,DON,acqsys006688,UTILIZES
A1700,DON,acqsys006716,UTILIZES
A1700,DON,acqsys006717,UTILIZES
A1700,DON,acqsys006718,UTILIZES
A1700,DON,acqsys006720,UTILIZES
A1700,DON,acqsys006721,UTILIZES
A1700,DON,acqsys006722,UTILIZES
A1700,DON,acqsys006723,UTILIZES
A1700,DON,acqsys006724,UTILIZES
A1700,DON,acqsys006725,UTILIZES
A1700,DON,acqsys006726,UTILIZES
A1700,DON,acqsys006727,UTILIZES
A1700,DON,acqsys006729,UTILIZES
A1700,DON,acqsys006732,UTILIZES
A1700,DON,acqsys006734,UTILIZES
A1700,DON,acqsys006736,UTILIZES
A1700,DON,acqsys006737,UTILIZES
A1700,DON,acqsys006852,UTILIZES
A1700,DON,acqsys006904,UTILIZES
A1700,DON,acqsys006909,UTILIZES
A1700,DON,acqsys006910,UTILIZES
A1700,DON,acqsys007002,UTILIZES
A1700,DON,acqsys007069,UTILIZES
A1700,DON,acqsys008038,UTILIZES
A1700,DON,acqsys008402,UTILIZES
A1700,DON,acqsys008415,UTILIZES
A1700,DON,acqsys008552,UTILIZES
A1700,DON,acqsys008553,UTILIZES
A1700,DON,acqsys008740,UTILIZES
A1700,DON,acqsys008741,UTILIZES
A1700,DON,acqsys010125,UTILIZES
A1700,DON,acqsys012508,UTILIZES
A1700,DON,acqsys013529,UTILIZES
A1700,DON,acqsys013531,UTILIZES
A1700,DON,acqsys013581,UTILIZES
A1700,DON,acqsys013636,UTILIZES
A1700,DON,acqsys013673,UTILIZES
A1700,DON,acqsys014145,UTILIZES
A1700,DON,acqsys015814,UTILIZES
A1700,DON,acqsys016115,UTILIZES
A1700,DON,acqsys016391,UTILIZES
A1700,DON,acqsys017388,UTILIZES
A1700,DON,acqsys021372,UTILIZES
A1700,DON,acqsys029325,UTILIZES
D1900,DOS,acqsys060011,UTILIZES
D1900,DOS,acqsys060050,UTILIZES
D1900,DOS,acqsys060051,UTILIZES
D6900,DOT,acqsys060024,UTILIZES
D6900,DOT,acqsys060056,UTILIZES
D6900,DOT,acqsys060072,UTILIZES
D9100,ED,acqsys060015,UTILIZES
D4500,EEOC,acqsys060057,UTILIZES
#N/A,EOOTP,acqsys060030,UTILIZES
D6800,EPA,acqsys060022,UTILIZES
D8300,EXIM,acqsys060016,UTILIZES
D2700,FCC,acqsys060047,UTILIZES
D9506,FEC,acqsys060017,UTILIZES
D5400,FLRA,acqsys060031,UTILIZES
D6500,FMC,acqsys060032,UTILIZES
D9300,FMCS,acqsys060003,UTILIZES
D9504,FMSHRC,acqsys060033,UTILIZES
D2900,FTC,acqsys060058,UTILIZES
D0500,GAO,acqsys060025,UTILIZES
D0500,GAO,acqsys060048,UTILIZES
D4700,GSA,acqsys060004,UTILIZES
D4700,GSA,acqsys060012,UTILIZES
D4700,GSA,acqsys060019,UTILIZES
D4700,GSA,acqsys060021,UTILIZES
D4700,GSA,acqsys060039,UTILIZES
D7500,HHS,acqsys060013,UTILIZES
D7500,HHS,acqsys060041,UTILIZES
D7500,HHS,acqsys060043,UTILIZES
D7500,HHS,acqsys060073,UTILIZES
D8600,HUD,acqsys060034,UTILIZES
D3400,ITC,acqsys060074,UTILIZES
#N/A,JFKCFTPA,acqsys060005,UTILIZES
D9543,MCC,acqsys060006,UTILIZES
D4100,MSPB,acqsys060035,UTILIZES
D8800,NARA,acqsys060036,UTILIZES
D8000,NASA,acqsys060066,UTILIZES
A3355,NGOA,acqsys060007,UTILIZES
D6300,NLRB,acqsys060059,UTILIZES
D3100,NRC,acqsys060075,UTILIZES
D4900,NSF,acqsys060008,UTILIZES
D9508,NTSB,acqsys060060,UTILIZES
D9514,OSHRC,acqsys060037,UTILIZES
D1665,PBGC,acqsys060018,UTILIZES
D1145,PC,acqsys060076,UTILIZES
A959P,PSA,acqsys060061,UTILIZES
D6000,RRB,acqsys060049,UTILIZES
D7300,SBA,acqsys060077,UTILIZES
D5000,SEC,acqsys060026,UTILIZES
D3300,SI,acqsys060064,UTILIZES
D3300,SI,acqsys060078,UTILIZES
D2800,SSA,acqsys060079,UTILIZES
D2000,TREAS,acqsys060038,UTILIZES
D2000,TREAS,acqsys060062,UTILIZES
D2000,TREAS,acqsys060067,UTILIZES
D7200,USAID,acqsys060040,UTILIZES
D7700,USIDFC,acqsys060063,UTILIZES
A1727,USMC,acqsys000429,UTILIZES
A1727,USMC,acqsys001237,UTILIZES
A1727,USMC,acqsys001658,UTILIZES
A1727,USMC,acqsys004768,UTILIZES
A1727,USMC,acqsys004831,UTILIZES
A1727,USMC,acqsys004832,UTILIZES
A1727,USMC,acqsys005095,UTILIZES
A1727,USMC,acqsys005532,UTILIZES
A1727,USMC,acqsys008713,UTILIZES
A1727,USMC,acqsys008714,UTILIZES
A1727,USMC,acqsys008715,UTILIZES
A1727,USMC,acqsys059212,UTILIZES
D3600,VA,acqsys060009,UTILIZES
