projectID:ID,name,PIID,NAICSCode,NAICSDescription,ProductorServiceCode,ProductorServiceDescription,PrincipalPlaceofPerformanceCityName,PrincipalPlaceofPerformanceStateCode,PlaceofPerformanceZipCode,Sum of DollarsObligated,:LABEL
p122b4618c0010,USDA NRCS,122B4618C0010,561110,OFFICE ADMINISTRATIVE SERVICES,R699,SUPPORT- ADMINISTRATIVE: OTHER,MORGANTOWN,WV,265014361,639928.32,Contract
p12fpc119p0163,USDA NRCS,12FPC119P0163,541990,"ALL OTHER PROFESSIONAL, SCIENTIFIC, AND TECHNICAL SERVICES",R699,SUPPORT- ADMINISTRATIVE: OTHER,CHESAPEAKE,VA,233206845,88800,Contract
p12fpc119p0197,USDA NRCS,12FPC119P0197,541990,"ALL OTHER PROFESSIONAL, SCIENTIFIC, AND TECHNICAL SERVICES",R699,SUPPORT- ADMINISTRATIVE: OTHER,MORGANTOWN,WV,265051155,80360,Contract
p12fpc119p0282,USDA NRCS,12FPC119P0282,561320,TEMPORARY HELP SERVICES,R699,SUPPORT- ADMINISTRATIVE: OTHER,NASHVILLE,TN,372035764,0,Contract
p47qtca20d002y15ddhq20f00000457,DEA HQ,15DDHQ20F00000457,541511,CUSTOM COMPUTER PROGRAMMING SERVICES,R415,SUPPORT- PROFESSIONAL: TECHNOLOGY SHARING/UTILIZATION,ARLINGTON,VA,222024200,2646000,Contract
p15ddhq20p00000954,DEA HQ,15DDHQ20P00000954,541519,OTHER COMPUTER RELATED SERVICES,D307,IT AND TELECOM- IT STRATEGY AND ARCHITECTURE,SPRINGFIELD,VA,221520002,1500670.4,Contract
pdjf141200s000656615f06718f0002663,FBI SOAPS,15F06718F0002663,541611,ADMINISTRATIVE MANAGEMENT AND GENERAL MANAGEMENT CONSULTING SERVICES,R612,SUPPORT- ADMINISTRATIVE: INFORMATION RETRIEVAL,WASHINGTON,DC,205350001,-3761254.6,Contract
p15f06718p0005278,FBI SOAPS,15F06718P0005278,541611,ADMINISTRATIVE MANAGEMENT AND GENERAL MANAGEMENT CONSULTING SERVICES,R499,SUPPORT- PROFESSIONAL: OTHER,CHESAPEAKE,VA,233205209,559914.4,Contract
pdjf141200s000656615f06719f0001059,FBI SOAPS,15F06719F0001059,541611,ADMINISTRATIVE MANAGEMENT AND GENERAL MANAGEMENT CONSULTING SERVICES,R499,SUPPORT- PROFESSIONAL: OTHER,WASHINGTON,DC,205350002,5344004.88,Contract
p47qtca20d002y15f06720f0002467,FBI SOAPS,15F06720F0002467,541511,CUSTOM COMPUTER PROGRAMMING SERVICES,D301,IT AND TELECOM- FACILITY OPERATION AND MAINTENANCE,WASHINGTON,DC,205350002,281568,Contract
p47qraa20d005f15f06720f0002998,FBI SOAPS,15F06720F0002998,541611,ADMINISTRATIVE MANAGEMENT AND GENERAL MANAGEMENT CONSULTING SERVICES,R499,SUPPORT- PROFESSIONAL: OTHER,CLARKSBURG,WV,263060003,300000,Contract
p47qfda19c0006,HUD GNMA,47QFDA19C0006,541511,CUSTOM COMPUTER PROGRAMMING SERVICES,D318,"IT AND TELECOM- INTEGRATED HARDWARE/SOFTWARE/SERVICES SOLUTIONS, PREDOMINANTLY SERVICES",WASHINGTON,DC,200240005,2261709.56,Contract
p47qfra18c0029,DHA IT Support,47QFRA18C0029,541614,"PROCESS, PHYSICAL DISTRIBUTION, AND LOGISTICS CONSULTING SERVICES",R799,SUPPORT- MANAGEMENT: OTHER,FALLS CHURCH,VA,220427434,-1601.03,Contract
p47qfra19c0005,DHA IT Support,47QFRA19C0005,541611,ADMINISTRATIVE MANAGEMENT AND GENERAL MANAGEMENT CONSULTING SERVICES,R799,SUPPORT- MANAGEMENT: OTHER,FALLS CHURCH,VA,220421115,2646283.2,Contract
p47qfra20c0002,DHA IT Support,47QFRA20C0002,541614,"PROCESS, PHYSICAL DISTRIBUTION, AND LOGISTICS CONSULTING SERVICES",R799,SUPPORT- MANAGEMENT: OTHER,FALLS CHURCH,VA,220413206,1357564.4,Contract
p47qfsa20c0015,CDC Acquisition Support,47QFSA20C0015,541611,ADMINISTRATIVE MANAGEMENT AND GENERAL MANAGEMENT CONSULTING SERVICES,R499,SUPPORT- PROFESSIONAL: OTHER,ATLANTA,GA,303413717,1177017.6,Contract
p47qtca20d002y47qfwa20f0042,USAF Reaper PMO,47QFWA20F0042,541511,CUSTOM COMPUTER PROGRAMMING SERVICES,D302,IT AND TELECOM- SYSTEMS DEVELOPMENT,SCHERTZ,TX,781542882,1032806.4,Contract
p47qraa20d005f,GSA PSS,47QRAA20D005F,541611,ADMINISTRATIVE MANAGEMENT AND GENERAL MANAGEMENT CONSULTING SERVICES,R408,SUPPORT- PROFESSIONAL: PROGRAM MANAGEMENT/SUPPORT,not identified,not identified,not identified,0,Contract
p47qrad20d1140,GSA OASIS,47QRAD20D1140,541330,ENGINEERING SERVICES,R408,SUPPORT- PROFESSIONAL: PROGRAM MANAGEMENT/SUPPORT,not identified,not identified,not identified,0,Contract
p47qrad20d8152,GSA OASIS,47QRAD20D8152,541330,ENGINEERING SERVICES,R408,SUPPORT- PROFESSIONAL: PROGRAM MANAGEMENT/SUPPORT,not identified,not identified,not identified,0,Contract
p47qtca20d002y,GSA IT,47QTCA20D002Y,541511,CUSTOM COMPUTER PROGRAMMING SERVICES,D399,IT AND TELECOM- OTHER IT AND TELECOMMUNICATIONS,not identified,not identified,not identified,0,Contract
p693jk418p600048,DOT,693JK418P600048,541511,CUSTOM COMPUTER PROGRAMMING SERVICES,R415,SUPPORT- PROFESSIONAL: TECHNOLOGY SHARING/UTILIZATION,WASHINGTON,DC,205900001,-56959.56,Contract
pgs00f145ca70fa2018f00000096,FEMA Training,70FA2018F00000096,541611,ADMINISTRATIVE MANAGEMENT AND GENERAL MANAGEMENT CONSULTING SERVICES,U008,EDUCATION/TRAINING- TRAINING/CURRICULUM DEVELOPMENT,EMMITSBURG,MD,217279254,-284505.64,Contract
p70fa2018p00000084,FEMA Training,70FA2018P00000084,611710,EDUCATIONAL SUPPORT SERVICES,U008,EDUCATION/TRAINING- TRAINING/CURRICULUM DEVELOPMENT,CHESAPEAKE,VA,233205209,0,Contract
p70z03219dp00vm10070z02320fp00ae000,USCG Acquisition Support,70Z02320FP00AE000,561110,OFFICE ADMINISTRATIVE SERVICES,R699,SUPPORT- ADMINISTRATIVE: OTHER,NEW LONDON,CT,63200007,565595,Contract
p70z03219dp00vm10070z02320fp04n2300,USCG Acquisition Support,70Z02320FP04N2300,561110,OFFICE ADMINISTRATIVE SERVICES,R699,SUPPORT- ADMINISTRATIVE: OTHER,NEW LONDON,CT,63205500,21624.79,Contract
p70z03219dp00vm10070z02320fpe2a0200,USCG Acquisition Support,70Z02320FPE2A0200,561110,OFFICE ADMINISTRATIVE SERVICES,R699,SUPPORT- ADMINISTRATIVE: OTHER,NEW LONDON,CT,63205506,7056.26,Contract
p70z03219dp00vm10070z02320fpe6e0600,USCG Acquisition Support,70Z02320FPE6E0600,561110,OFFICE ADMINISTRATIVE SERVICES,R699,SUPPORT- ADMINISTRATIVE: OTHER,CHESAPEAKE,VA,233202509,116353.73,Contract
p70z03219dp00vm100,USCG Acquisition Support,70Z03219DP00VM100,561110,OFFICE ADMINISTRATIVE SERVICES,R699,SUPPORT- ADMINISTRATIVE: OTHER,not identified,not identified,not identified,0,Contract
p70z03219dp00vm10070z03219f29p00kc8,USCG Acquisition Support,70Z03219F29P00KC8,561110,OFFICE ADMINISTRATIVE SERVICES,AZ16,R&D- OTHER RESEARCH AND DEVELOPMENT (MANAGEMENT/SUPPORT),NEW LONDON,CT,63205506,0,Contract
p70z03219dp00vm10070z03219f32p04h81,USCG Acquisition Support,70Z03219F32P04H81,561110,OFFICE ADMINISTRATIVE SERVICES,AZ16,R&D- OTHER RESEARCH AND DEVELOPMENT (MANAGEMENT/SUPPORT),CHESAPEAKE,VA,233205209,0,Contract
p70z03219dp00vm10070z03219fp04af600,USCG Acquisition Support,70Z03219FP04AF600,561110,OFFICE ADMINISTRATIVE SERVICES,R699,SUPPORT- ADMINISTRATIVE: OTHER,NEW LONDON,CT,63205506,0,Contract
p70z03219dp00vm10070z03220fp04n1500,USCG Acquisition Support,70Z03220FP04N1500,561110,OFFICE ADMINISTRATIVE SERVICES,R699,SUPPORT- ADMINISTRATIVE: OTHER,NEW LONDON,CT,63205506,26956.01,Contract
p70z03219dp00vm10070z03220fpe2i0700,USCG Acquisition Support,70Z03220FPE2I0700,561110,OFFICE ADMINISTRATIVE SERVICES,R699,SUPPORT- ADMINISTRATIVE: OTHER,CHESAPEAKE,VA,233205209,21432.86,Contract
p72mc1019c00001,USAID M/CIO,72MC1019C00001,541611,ADMINISTRATIVE MANAGEMENT AND GENERAL MANAGEMENT CONSULTING SERVICES,R408,SUPPORT- PROFESSIONAL: PROGRAM MANAGEMENT/SUPPORT,WASHINGTON,DC,205470001,6654471.37,Contract
p75d30118c01417,CDC Acquisition Support,75D30118C01417,541611,ADMINISTRATIVE MANAGEMENT AND GENERAL MANAGEMENT CONSULTING SERVICES,R699,SUPPORT- ADMINISTRATIVE: OTHER,ATLANTA,GA,303453114,2984592.8,Contract
p75d30118d00925,CDC Scientific Support,75D30118D00925,541990,"ALL OTHER PROFESSIONAL, SCIENTIFIC, AND TECHNICAL SERVICES",R499,SUPPORT- PROFESSIONAL: OTHER,not identified,not identified,not identified,0,Contract
p75d30118d0092575d30118f00001,CDC Scientific Support,75D30118F00001,541990,"ALL OTHER PROFESSIONAL, SCIENTIFIC, AND TECHNICAL SERVICES",R499,SUPPORT- PROFESSIONAL: OTHER,ATLANTA,GA,303294018,-47255.18,Contract
phhsd200201460686i75d30118f00002,CDC Scientific Support,75D30118F00002,541990,"ALL OTHER PROFESSIONAL, SCIENTIFIC, AND TECHNICAL SERVICES",R499,SUPPORT- PROFESSIONAL: OTHER,ATLANTA,GA,303294018,75062.4,Contract
phhsd200201561853i75d30118f00006,CDC Scientific Support,75D30118F00006,541990,"ALL OTHER PROFESSIONAL, SCIENTIFIC, AND TECHNICAL SERVICES",R499,SUPPORT- PROFESSIONAL: OTHER,ATLANTA,GA,303415539,179712,Contract
phhsd200201561853i75d30118f00007,CDC Scientific Support,75D30118F00007,541990,"ALL OTHER PROFESSIONAL, SCIENTIFIC, AND TECHNICAL SERVICES",R499,SUPPORT- PROFESSIONAL: OTHER,ATLANTA,GA,303603152,239616,Contract
phhsd200201561853i75d30118f00008,CDC Scientific Support,75D30118F00008,541990,"ALL OTHER PROFESSIONAL, SCIENTIFIC, AND TECHNICAL SERVICES",R499,SUPPORT- PROFESSIONAL: OTHER,ATLANTA,GA,303415539,213139.02,Contract
p75d30119c04143,CDC IT Support,75D30119C04143,541512,COMPUTER SYSTEMS DESIGN SERVICES,R499,SUPPORT- PROFESSIONAL: OTHER,ATLANTA,GA,303415535,4555584.96,Contract
p75d30119c06555,CDC IT Support,75D30119C06555,541511,CUSTOM COMPUTER PROGRAMMING SERVICES,R499,SUPPORT- PROFESSIONAL: OTHER,ATLANTA,GA,303292025,1627619.2,Contract
p75d30118d0092575d30119f00002,CDC Scientific Support,75D30119F00002,541990,"ALL OTHER PROFESSIONAL, SCIENTIFIC, AND TECHNICAL SERVICES",R499,SUPPORT- PROFESSIONAL: OTHER,ATLANTA,GA,303294018,171867,Contract
p75d30118d0092575d30119f00003,CDC Scientific Support,75D30119F00003,541990,"ALL OTHER PROFESSIONAL, SCIENTIFIC, AND TECHNICAL SERVICES",R499,SUPPORT- PROFESSIONAL: OTHER,ATLANTA,GA,303294018,112713.6,Contract
p75d30118d0092575d30119f00004,CDC Scientific Support,75D30119F00004,541990,"ALL OTHER PROFESSIONAL, SCIENTIFIC, AND TECHNICAL SERVICES",R499,SUPPORT- PROFESSIONAL: OTHER,ATLANTA,GA,303294018,57038.79,Contract
p75d30118d0092575d30119f00005,CDC Scientific Support,75D30119F00005,541990,"ALL OTHER PROFESSIONAL, SCIENTIFIC, AND TECHNICAL SERVICES",R499,SUPPORT- PROFESSIONAL: OTHER,ATLANTA,GA,303294018,0,Contract
p75d30118d0092575d30119f00006,CDC Scientific Support,75D30119F00006,541990,"ALL OTHER PROFESSIONAL, SCIENTIFIC, AND TECHNICAL SERVICES",R499,SUPPORT- PROFESSIONAL: OTHER,ATLANTA,GA,303294018,998732,Contract
p75d30118d0092575d30119f00008,CDC Scientific Support,75D30119F00008,541990,"ALL OTHER PROFESSIONAL, SCIENTIFIC, AND TECHNICAL SERVICES",R499,SUPPORT- PROFESSIONAL: OTHER,ATLANTA,GA,303294018,100304.28,Contract
p75d30118d0092575d30119f00009,CDC Scientific Support,75D30119F00009,541990,"ALL OTHER PROFESSIONAL, SCIENTIFIC, AND TECHNICAL SERVICES",R499,SUPPORT- PROFESSIONAL: OTHER,ATLANTA,GA,303294018,146745.6,Contract
p75d30118d0092575d30119f00010,CDC Scientific Support,75D30119F00010,541990,"ALL OTHER PROFESSIONAL, SCIENTIFIC, AND TECHNICAL SERVICES",R499,SUPPORT- PROFESSIONAL: OTHER,ATLANTA,GA,303294018,52311.6,Contract
p75d30118d0092575d30119f00011,CDC Scientific Support,75D30119F00011,541990,"ALL OTHER PROFESSIONAL, SCIENTIFIC, AND TECHNICAL SERVICES",R499,SUPPORT- PROFESSIONAL: OTHER,ATLANTA,GA,303294018,48020,Contract
p75d30118d0092575d30119f00012,CDC Scientific Support,75D30119F00012,541990,"ALL OTHER PROFESSIONAL, SCIENTIFIC, AND TECHNICAL SERVICES",R499,SUPPORT- PROFESSIONAL: OTHER,ATLANTA,GA,303294018,84261.6,Contract
p75d30120c07723,CDC Scientific Support,75D30120C07723,541990,"ALL OTHER PROFESSIONAL, SCIENTIFIC, AND TECHNICAL SERVICES",R408,SUPPORT- PROFESSIONAL: PROGRAM MANAGEMENT/SUPPORT,ATLANTA,GA,303453114,783263.2,Contract
p75d30120c08401,CDC Admin Support,75D30120C08401,561110,OFFICE ADMINISTRATIVE SERVICES,R699,SUPPORT- ADMINISTRATIVE: OTHER,ATLANTA,GA,303414133,1333386.38,Contract
p75d30120c09108,CDC IT Support,75D30120C09108,541511,CUSTOM COMPUTER PROGRAMMING SERVICES,D304,IT AND TELECOM- TELECOMMUNICATIONS AND TRANSMISSION,ATLANTA,GA,303294018,324922.2,Contract
p75d30120c09340,CDC Acquisition Support,75D30120C09340,541715,"RESEARCH AND DEVELOPMENT IN THE PHYSICAL, ENGINEERING, AND LIFE SCIENCES (EXCEPT NANOTECHNOLOGY AND BIOTECHNOLOGY)",R499,SUPPORT- PROFESSIONAL: OTHER,ATLANTA,GA,303294018,6116811.6,Contract
p75d30120c09569,CDC Acquisition Support,75D30120C09569,541611,ADMINISTRATIVE MANAGEMENT AND GENERAL MANAGEMENT CONSULTING SERVICES,R499,SUPPORT- PROFESSIONAL: OTHER,CHESAPEAKE,VA,233205209,299509.08,Contract
p75d30120c09723,CDC Scientific Support,75D30120C09723,541990,"ALL OTHER PROFESSIONAL, SCIENTIFIC, AND TECHNICAL SERVICES",R499,SUPPORT- PROFESSIONAL: OTHER,ATLANTA,GA,303413717,375941.4,Contract
p75d30118d0092575d30120f00013,CDC Scientific Support,75D30120F00013,541990,"ALL OTHER PROFESSIONAL, SCIENTIFIC, AND TECHNICAL SERVICES",R499,SUPPORT- PROFESSIONAL: OTHER,ATLANTA,GA,303294018,194899.6,Contract
p75d30118d0092575d30120f00014,CDC Scientific Support,75D30120F00014,541990,"ALL OTHER PROFESSIONAL, SCIENTIFIC, AND TECHNICAL SERVICES",R499,SUPPORT- PROFESSIONAL: OTHER,CHESAPEAKE,VA,233205209,378194,Contract
p75d30118d0092575d30120f00015,CDC Scientific Support,75D30120F00015,541990,"ALL OTHER PROFESSIONAL, SCIENTIFIC, AND TECHNICAL SERVICES",R499,SUPPORT- PROFESSIONAL: OTHER,ATLANTA,GA,303294018,786774.16,Contract
pgs00q17gwd202875d30120f07194,CDC IT Support,75D30120F07194,541512,COMPUTER SYSTEMS DESIGN SERVICES,R499,SUPPORT- PROFESSIONAL: OTHER,ATLANTA,GA,303453114,2254825.1,Contract
phhsf223201710022i75f40118f01013,FDA Scientific Support,75F40118F01013,541990,"ALL OTHER PROFESSIONAL, SCIENTIFIC, AND TECHNICAL SERVICES",R499,SUPPORT- PROFESSIONAL: OTHER,SILVER SPRING,MD,209031057,-49234.88,Contract
phhsf223201710022i75f40118f01017,FDA Scientific Support,75F40118F01017,541990,"ALL OTHER PROFESSIONAL, SCIENTIFIC, AND TECHNICAL SERVICES",R499,SUPPORT- PROFESSIONAL: OTHER,SILVER SPRING,MD,209031057,-47075.12,Contract
phhsf223201710022i75f40118f01019,FDA Scientific Support,75F40118F01019,541990,"ALL OTHER PROFESSIONAL, SCIENTIFIC, AND TECHNICAL SERVICES",R499,SUPPORT- PROFESSIONAL: OTHER,SILVER SPRING,MD,209031057,-15254.25,Contract
phhsf223201710022i75f40118f01020,FDA Scientific Support,75F40118F01020,541990,"ALL OTHER PROFESSIONAL, SCIENTIFIC, AND TECHNICAL SERVICES",R499,SUPPORT- PROFESSIONAL: OTHER,SILVER SPRING,MD,209930001,-2310.04,Contract
phhsf223201710022i75f40118f01021,FDA Scientific Support,75F40118F01021,541990,"ALL OTHER PROFESSIONAL, SCIENTIFIC, AND TECHNICAL SERVICES",R499,SUPPORT- PROFESSIONAL: OTHER,SILVER SPRING,MD,209930002,-5960.32,Contract
phhsf223201710022i75f40118f01022,FDA Scientific Support,75F40118F01022,541990,"ALL OTHER PROFESSIONAL, SCIENTIFIC, AND TECHNICAL SERVICES",R499,SUPPORT- PROFESSIONAL: OTHER,SILVER SPRING,MD,209930001,-7820.3,Contract
phhsf223201710022i75f40118f01023,FDA Scientific Support,75F40118F01023,541990,"ALL OTHER PROFESSIONAL, SCIENTIFIC, AND TECHNICAL SERVICES",R499,SUPPORT- PROFESSIONAL: OTHER,JEFFERSON,AR,720790002,78653.44,Contract
phhsf223201710022i75f40118f01024,FDA Scientific Support,75F40118F01024,541990,"ALL OTHER PROFESSIONAL, SCIENTIFIC, AND TECHNICAL SERVICES",R499,SUPPORT- PROFESSIONAL: OTHER,SILVER SPRING,MD,209031057,131558.4,Contract
phhsf223201710022i75f40118f01026,FDA Scientific Support,75F40118F01026,541990,"ALL OTHER PROFESSIONAL, SCIENTIFIC, AND TECHNICAL SERVICES",R499,SUPPORT- PROFESSIONAL: OTHER,CHESAPEAKE,VA,233205209,-11145.98,Contract
phhsf223201710022i75f40118f01027,FDA Scientific Support,75F40118F01027,541990,"ALL OTHER PROFESSIONAL, SCIENTIFIC, AND TECHNICAL SERVICES",R499,SUPPORT- PROFESSIONAL: OTHER,CHESAPEAKE,VA,233205209,77728.86,Contract
phhsf223201710022i75f40118f01028,FDA Scientific Support,75F40118F01028,541990,"ALL OTHER PROFESSIONAL, SCIENTIFIC, AND TECHNICAL SERVICES",R499,SUPPORT- PROFESSIONAL: OTHER,SILVER SPRING,MD,209031057,-151588.48,Contract
phhsf223201710022i75f40118f01029,FDA Scientific Support,75F40118F01029,541990,"ALL OTHER PROFESSIONAL, SCIENTIFIC, AND TECHNICAL SERVICES",R499,SUPPORT- PROFESSIONAL: OTHER,SILVER SPRING,MD,209031058,-43600.96,Contract
phhsf223201710022i75f40118f01031,FDA Scientific Support,75F40118F01031,541990,"ALL OTHER PROFESSIONAL, SCIENTIFIC, AND TECHNICAL SERVICES",R499,SUPPORT- PROFESSIONAL: OTHER,SAINT LOUIS,MO,631101116,51698.46,Contract
phhsf223201710022i75f40118f01032,FDA Scientific Support,75F40118F01032,541990,"ALL OTHER PROFESSIONAL, SCIENTIFIC, AND TECHNICAL SERVICES",R499,SUPPORT- PROFESSIONAL: OTHER,SILVER SPRING,MD,209031057,-29915.64,Contract
phhsf223201710022i75f40118f01033,FDA Scientific Support,75F40118F01033,541990,"ALL OTHER PROFESSIONAL, SCIENTIFIC, AND TECHNICAL SERVICES",R499,SUPPORT- PROFESSIONAL: OTHER,JEFFERSON,AR,720799501,16640.83,Contract
phhsf223201710022i75f40118f01035,FDA Scientific Support,75F40118F01035,541990,"ALL OTHER PROFESSIONAL, SCIENTIFIC, AND TECHNICAL SERVICES",R499,SUPPORT- PROFESSIONAL: OTHER,SILVER SPRING,MD,209031057,0,Contract
phhsf223201710022i75f40118f01037,FDA Scientific Support,75F40118F01037,541990,"ALL OTHER PROFESSIONAL, SCIENTIFIC, AND TECHNICAL SERVICES",R499,SUPPORT- PROFESSIONAL: OTHER,SILVER SPRING,MD,209031057,137507.8,Contract
p75f40119c10067,FDA Scientific Support,75F40119C10067,541990,"ALL OTHER PROFESSIONAL, SCIENTIFIC, AND TECHNICAL SERVICES",R431,SUPPORT- PROFESSIONAL: HUMAN RESOURCES,SILVER SPRING,MD,209930002,0,Contract
phhsf223201710022i75f40119f01038,FDA Scientific Support,75F40119F01038,541990,"ALL OTHER PROFESSIONAL, SCIENTIFIC, AND TECHNICAL SERVICES",R499,SUPPORT- PROFESSIONAL: OTHER,SILVER SPRING,MD,209031057,0,Contract
phhsf223201710022i75f40119f01040,FDA Scientific Support,75F40119F01040,541990,"ALL OTHER PROFESSIONAL, SCIENTIFIC, AND TECHNICAL SERVICES",R499,SUPPORT- PROFESSIONAL: OTHER,SILVER SPRING,MD,209031057,0,Contract
phhsf223201710022i75f40119f01042,FDA Scientific Support,75F40119F01042,541990,"ALL OTHER PROFESSIONAL, SCIENTIFIC, AND TECHNICAL SERVICES",R499,SUPPORT- PROFESSIONAL: OTHER,SILVER SPRING,MD,209031057,38070.4,Contract
phhsf223201710022i75f40119f01043,FDA Scientific Support,75F40119F01043,541990,"ALL OTHER PROFESSIONAL, SCIENTIFIC, AND TECHNICAL SERVICES",R499,SUPPORT- PROFESSIONAL: OTHER,SILVER SPRING,MD,209031057,276746.24,Contract
p75f40119d1001375f40119f19001,FDA Acquisition Support,75F40119F19001,541611,ADMINISTRATIVE MANAGEMENT AND GENERAL MANAGEMENT CONSULTING SERVICES,R707,SUPPORT- MANAGEMENT: CONTRACT/PROCUREMENT/ACQUISITION SUPPORT,SILVER SPRING,MD,209031057,794918.4,Contract
p75f40119d1001375f40119f19002,FDA Acquisition Support,75F40119F19002,541611,ADMINISTRATIVE MANAGEMENT AND GENERAL MANAGEMENT CONSULTING SERVICES,R707,SUPPORT- MANAGEMENT: CONTRACT/PROCUREMENT/ACQUISITION SUPPORT,SILVER SPRING,MD,209930002,1217510.4,Contract
p75f40119d1001375f40119f19003,FDA Acquisition Support,75F40119F19003,541611,ADMINISTRATIVE MANAGEMENT AND GENERAL MANAGEMENT CONSULTING SERVICES,R707,SUPPORT- MANAGEMENT: CONTRACT/PROCUREMENT/ACQUISITION SUPPORT,SILVER SPRING,MD,209031057,272044.8,Contract
phhsf223201710022i75f40119f19045,FDA Scientific Support,75F40119F19045,541990,"ALL OTHER PROFESSIONAL, SCIENTIFIC, AND TECHNICAL SERVICES",R499,SUPPORT- PROFESSIONAL: OTHER,SILVER SPRING,MD,209031057,2700,Contract
phhsf223201710022i75f40119f19049,FDA Scientific Support,75F40119F19049,541990,"ALL OTHER PROFESSIONAL, SCIENTIFIC, AND TECHNICAL SERVICES",R499,SUPPORT- PROFESSIONAL: OTHER,SILVER SPRING,MD,209031057,0,Contract
phhsf223201710022i75f40119f19050,FDA Scientific Support,75F40119F19050,541990,"ALL OTHER PROFESSIONAL, SCIENTIFIC, AND TECHNICAL SERVICES",R499,SUPPORT- PROFESSIONAL: OTHER,SILVER SPRING,MD,209031057,0,Contract
phhsf223201710022i75f40119f19053,FDA Scientific Support,75F40119F19053,541990,"ALL OTHER PROFESSIONAL, SCIENTIFIC, AND TECHNICAL SERVICES",R499,SUPPORT- PROFESSIONAL: OTHER,SILVER SPRING,MD,209031057,0,Contract
phhsf223201710022i75f40119f19054,FDA Scientific Support,75F40119F19054,541990,"ALL OTHER PROFESSIONAL, SCIENTIFIC, AND TECHNICAL SERVICES",R499,SUPPORT- PROFESSIONAL: OTHER,SILVER SPRING,MD,209031024,0,Contract
phhsf223201710022i75f40119f19057,FDA Scientific Support,75F40119F19057,541990,"ALL OTHER PROFESSIONAL, SCIENTIFIC, AND TECHNICAL SERVICES",R499,SUPPORT- PROFESSIONAL: OTHER,SILVER SPRING,MD,209031057,0,Contract
phhsf223201710022i75f40119f19059,FDA Scientific Support,75F40119F19059,541990,"ALL OTHER PROFESSIONAL, SCIENTIFIC, AND TECHNICAL SERVICES",R499,SUPPORT- PROFESSIONAL: OTHER,SILVER SPRING,MD,209031057,0,Contract
phhsf223201710022i75f40120f19060,FDA Scientific Support,75F40120F19060,541990,"ALL OTHER PROFESSIONAL, SCIENTIFIC, AND TECHNICAL SERVICES",R499,SUPPORT- PROFESSIONAL: OTHER,SILVER SPRING,MD,209930001,116535.68,Contract
phhsf223201710022i75f40120f19061,FDA Scientific Support,75F40120F19061,541990,"ALL OTHER PROFESSIONAL, SCIENTIFIC, AND TECHNICAL SERVICES",R499,SUPPORT- PROFESSIONAL: OTHER,SILVER SPRING,MD,209930002,554284.8,Contract
phhsf223201710022i75f40120f19062,FDA Scientific Support,75F40120F19062,541990,"ALL OTHER PROFESSIONAL, SCIENTIFIC, AND TECHNICAL SERVICES",R499,SUPPORT- PROFESSIONAL: OTHER,SILVER SPRING,MD,209930001,181694.4,Contract
phhsf223201710022i75f40120f19063,FDA Scientific Support,75F40120F19063,541990,"ALL OTHER PROFESSIONAL, SCIENTIFIC, AND TECHNICAL SERVICES",R499,SUPPORT- PROFESSIONAL: OTHER,SAINT LOUIS,MO,631101116,152083.2,Contract
phhsf223201710022i75f40120f19064,FDA Scientific Support,75F40120F19064,541990,"ALL OTHER PROFESSIONAL, SCIENTIFIC, AND TECHNICAL SERVICES",R499,SUPPORT- PROFESSIONAL: OTHER,SILVER SPRING,MD,209930002,116987.2,Contract
p89233119cna000081,NNSA Contracting Support,89233119CNA000081,541511,CUSTOM COMPUTER PROGRAMMING SERVICES,D305,"IT AND TELECOM - TELEPROCESSING, TIMESHARE, CLOUD COMPUTING, AND HIGH PERFORMANCE COMPUTING",KIRTLAND AFB,NM,871175522,2033471,Contract
pdeem000500689303318fem400026,EM CBC,89303318FEM400026,541990,"ALL OTHER PROFESSIONAL, SCIENTIFIC, AND TECHNICAL SERVICES",F999,OTHER ENVIRONMENTAL SERVICES,CARLSBAD,NM,882204021,200000,Contract
pdeem000500689303318fem400062,EM CBC,89303318FEM400062,541990,"ALL OTHER PROFESSIONAL, SCIENTIFIC, AND TECHNICAL SERVICES",F999,OTHER ENVIRONMENTAL SERVICES,CINCINNATI,OH,452010005,0,Contract
pdeem000500689303318fem400063,EM CBC,89303318FEM400063,541990,"ALL OTHER PROFESSIONAL, SCIENTIFIC, AND TECHNICAL SERVICES",F999,OTHER ENVIRONMENTAL SERVICES,CINCINNATI,OH,452010005,0,Contract
pdeem000500689303319fem400068,EM CBC,89303319FEM400068,541990,"ALL OTHER PROFESSIONAL, SCIENTIFIC, AND TECHNICAL SERVICES",F999,OTHER ENVIRONMENTAL SERVICES,PIKETON,OH,456610003,347024.2,Contract
pdeem000500689303319fem400106,EM CBC,89303319FEM400106,541990,"ALL OTHER PROFESSIONAL, SCIENTIFIC, AND TECHNICAL SERVICES",F999,OTHER ENVIRONMENTAL SERVICES,CHESAPEAKE,VA,233205209,56454,Contract
paidcioc1600013,USAID M/CIO,AIDCIOC1600013,541611,ADMINISTRATIVE MANAGEMENT AND GENERAL MANAGEMENT CONSULTING SERVICES,R497,SUPPORT- PROFESSIONAL: PERSONAL SERVICES CONTRACTS,WASHINGTON,DC,205230001,4460083.01,Contract
pgs10f0149udeat5208na28657,NNSA Contracting Support,DEAT5208NA28657,541330,ENGINEERING SERVICES,R499,SUPPORT- PROFESSIONAL: OTHER,WASHINGTON,DC,205850650,0,Contract
pdena0003496dedt0012824,NNSA Contracting Support,DEDT0012824,541611,ADMINISTRATIVE MANAGEMENT AND GENERAL MANAGEMENT CONSULTING SERVICES,R499,SUPPORT- PROFESSIONAL: OTHER,ALBUQUERQUE,NM,871855400,1336854.83,Contract
pdeem0005006dedt0014240,EM CBC,DEDT0014240,541990,"ALL OTHER PROFESSIONAL, SCIENTIFIC, AND TECHNICAL SERVICES",F999,OTHER ENVIRONMENTAL SERVICES,CINCINNATI,OH,452026005,0,Contract
pdena0003754,NNSA Contracting Support,DENA0003754,541511,CUSTOM COMPUTER PROGRAMMING SERVICES,D313,IT AND TELECOM- COMPUTER AIDED DESIGN/COMPUTER AIDED MANUFACTURING (CAD/CAM),KIRTLAND AFB,NM,871175522,-24789.56,Contract
pgs00q17gwd2028djd17hqe0284,DEA HQ,DJD17HQE0284,541512,COMPUTER SYSTEMS DESIGN SERVICES,D301,IT AND TELECOM- FACILITY OPERATION AND MAINTENANCE,HERNDON,VA,201712559,0,Contract
pdjd17k0008,DEA HQ,DJD17K0008,541511,CUSTOM COMPUTER PROGRAMMING SERVICES,D302,IT AND TELECOM- SYSTEMS DEVELOPMENT,SPRINGFIELD,VA,221521080,3505000,Contract
pgs10f0492mdjf141200s0006566,FBI SOAPS,DJF141200S0006566,541611,ADMINISTRATIVE MANAGEMENT AND GENERAL MANAGEMENT CONSULTING SERVICES,R699,SUPPORT- ADMINISTRATIVE: OTHER,not identified,not identified,not identified,0,Contract
pdjf161200p0007512,FBI SOAPS,DJF161200P0007512,541990,"ALL OTHER PROFESSIONAL, SCIENTIFIC, AND TECHNICAL SERVICES",R499,SUPPORT- PROFESSIONAL: OTHER,CHESAPEAKE,VA,233205209,-105757.08,Contract
pfa480018p0171,USAF Reaper PMO,FA480018P0171,561110,OFFICE ADMINISTRATIVE SERVICES,R699,SUPPORT- ADMINISTRATIVE: OTHER,HAMPTON,VA,236651942,103406.4,Contract
pgs00f145ca,GSA PSS,GS00F145CA,541611,ADMINISTRATIVE MANAGEMENT AND GENERAL MANAGEMENT CONSULTING SERVICES,U006,EDUCATION/TRAINING- VOCATIONAL/TECHNICAL,not identified,not identified,not identified,0,Contract
pgs00p16lyc7010,FBI SOAPS,GS00P16LYC7010,541990,"ALL OTHER PROFESSIONAL, SCIENTIFIC, AND TECHNICAL SERVICES",R499,SUPPORT- PROFESSIONAL: OTHER,ANCHORAGE,AK,995033975,-87911.77,Contract
pgs00p17lyc0026,FBI SOAPS,GS00P17LYC0026,541990,"ALL OTHER PROFESSIONAL, SCIENTIFIC, AND TECHNICAL SERVICES",R499,SUPPORT- PROFESSIONAL: OTHER,LA GRANGE,TX,789450001,120961.91,Contract
pgs10f0492m,GSA PSS,GS10F0492M,541611,ADMINISTRATIVE MANAGEMENT AND GENERAL MANAGEMENT CONSULTING SERVICES,R499,SUPPORT- PROFESSIONAL: OTHER,not identified,not identified,not identified,0,Contract
pgs35f287da,GSA IT,GS35F287DA,541511,CUSTOM COMPUTER PROGRAMMING SERVICES,D399,IT AND TELECOM- OTHER IT AND TELECOMMUNICATIONS,not identified,not identified,not identified,0,Contract
phhsd200201252327ihhsd2002012523270001,CDC Scientific Support,HHSD2002012523270001,541990,"ALL OTHER PROFESSIONAL, SCIENTIFIC, AND TECHNICAL SERVICES",R499,SUPPORT- PROFESSIONAL: OTHER,ATLANTA,GA,303294018,0,Contract
phhsd200201252327ihhsd2002012523270002,CDC Scientific Support,HHSD2002012523270002,541990,"ALL OTHER PROFESSIONAL, SCIENTIFIC, AND TECHNICAL SERVICES",R499,SUPPORT- PROFESSIONAL: OTHER,ATLANTA,GA,303294018,-552.16,Contract
phhsd200201252327ihhsd2002012523270007,CDC Scientific Support,HHSD2002012523270007,541990,"ALL OTHER PROFESSIONAL, SCIENTIFIC, AND TECHNICAL SERVICES",R499,SUPPORT- PROFESSIONAL: OTHER,ATLANTA,GA,303294018,-49931.04,Contract
phhsd200201252327ihhsd2002012523270009,CDC Scientific Support,HHSD2002012523270009,541990,"ALL OTHER PROFESSIONAL, SCIENTIFIC, AND TECHNICAL SERVICES",R499,SUPPORT- PROFESSIONAL: OTHER,ATLANTA,GA,303294018,-6981.05,Contract
phhsd200201252327ihhsd2002012523270010,CDC Scientific Support,HHSD2002012523270010,541990,"ALL OTHER PROFESSIONAL, SCIENTIFIC, AND TECHNICAL SERVICES",R499,SUPPORT- PROFESSIONAL: OTHER,ATLANTA,GA,303294018,-13236.67,Contract
phhsd200201355203ihhsd2002013552030003,CDC Scientific Support,HHSD2002013552030003,541990,"ALL OTHER PROFESSIONAL, SCIENTIFIC, AND TECHNICAL SERVICES",R499,SUPPORT- PROFESSIONAL: OTHER,ATLANTA,GA,303294018,-320354.93,Contract
phhsd200201355203ihhsd2002013552030005,CDC Scientific Support,HHSD2002013552030005,541990,"ALL OTHER PROFESSIONAL, SCIENTIFIC, AND TECHNICAL SERVICES",R499,SUPPORT- PROFESSIONAL: OTHER,ATLANTA,GA,303294018,-8637.04,Contract
phhsd200201459412c,CDC Acquisition Support,HHSD200201459412C,541611,ADMINISTRATIVE MANAGEMENT AND GENERAL MANAGEMENT CONSULTING SERVICES,R699,SUPPORT- ADMINISTRATIVE: OTHER,ATLANTA,GA,303294018,-25343.58,Contract
phhsd200201459570ihhsd2002014595700004,CDC Acquisition Support,HHSD2002014595700004,541611,ADMINISTRATIVE MANAGEMENT AND GENERAL MANAGEMENT CONSULTING SERVICES,R499,SUPPORT- PROFESSIONAL: OTHER,ATLANTA,GA,303453114,-0.01,Contract
phhsd200201459570ihhsd2002014595700005,CDC Acquisition Support,HHSD2002014595700005,541611,ADMINISTRATIVE MANAGEMENT AND GENERAL MANAGEMENT CONSULTING SERVICES,R499,SUPPORT- PROFESSIONAL: OTHER,ATLANTA,GA,303412221,0,Contract
phhsd200201459570ihhsd2002014595700006,CDC Acquisition Support,HHSD2002014595700006,541611,ADMINISTRATIVE MANAGEMENT AND GENERAL MANAGEMENT CONSULTING SERVICES,R499,SUPPORT- PROFESSIONAL: OTHER,ATLANTA,GA,303453114,0,Contract
phhsd200201459570ihhsd2002014595700007,CDC Acquisition Support,HHSD2002014595700007,541611,ADMINISTRATIVE MANAGEMENT AND GENERAL MANAGEMENT CONSULTING SERVICES,R699,SUPPORT- ADMINISTRATIVE: OTHER,ATLANTA,GA,303453114,0,Contract
phhsd200201459570ihhsd2002014595700009,CDC Acquisition Support,HHSD2002014595700009,541611,ADMINISTRATIVE MANAGEMENT AND GENERAL MANAGEMENT CONSULTING SERVICES,R499,SUPPORT- PROFESSIONAL: OTHER,ATLANTA,GA,303453114,-0.4,Contract
phhsd200201459570ihhsd2002014595700010,CDC Acquisition Support,HHSD2002014595700010,541611,ADMINISTRATIVE MANAGEMENT AND GENERAL MANAGEMENT CONSULTING SERVICES,R499,SUPPORT- PROFESSIONAL: OTHER,CHESAPEAKE,VA,233205209,-1613.83,Contract
phhsd200201459570ihhsd2002014595700017,CDC Acquisition Support,HHSD2002014595700017,541611,ADMINISTRATIVE MANAGEMENT AND GENERAL MANAGEMENT CONSULTING SERVICES,R499,SUPPORT- PROFESSIONAL: OTHER,ATLANTA,GA,303453114,-7672.56,Contract
phhsd200201459570ihhsd2002014595700018,CDC Acquisition Support,HHSD2002014595700018,541611,ADMINISTRATIVE MANAGEMENT AND GENERAL MANAGEMENT CONSULTING SERVICES,R499,SUPPORT- PROFESSIONAL: OTHER,ATLANTA,GA,303453114,-12975.6,Contract
phhsd200201459570ihhsd2002014595700020,CDC Acquisition Support,HHSD2002014595700020,541611,ADMINISTRATIVE MANAGEMENT AND GENERAL MANAGEMENT CONSULTING SERVICES,R499,SUPPORT- PROFESSIONAL: OTHER,ATLANTA,GA,303453114,0,Contract
phhsd200201459570ihhsd2002014595700033,CDC Acquisition Support,HHSD2002014595700033,541611,ADMINISTRATIVE MANAGEMENT AND GENERAL MANAGEMENT CONSULTING SERVICES,R499,SUPPORT- PROFESSIONAL: OTHER,ATLANTA,GA,303453114,-152048.91,Contract
phhsd200201459570ihhsd2002014595700045,CDC Acquisition Support,HHSD2002014595700045,541611,ADMINISTRATIVE MANAGEMENT AND GENERAL MANAGEMENT CONSULTING SERVICES,R706,SUPPORT- MANAGEMENT: LOGISTICS SUPPORT,ATLANTA,GA,303453114,0,Contract
phhsd200201460136c,CDC Acquisition Support,HHSD200201460136C,541618,OTHER MANAGEMENT CONSULTING SERVICES,R408,SUPPORT- PROFESSIONAL: PROGRAM MANAGEMENT/SUPPORT,ATLANTA,GA,303415539,-493685.48,Contract
phhsd200201460686ihhsd2002014606860001,CDC Scientific Support,HHSD2002014606860001,541990,"ALL OTHER PROFESSIONAL, SCIENTIFIC, AND TECHNICAL SERVICES",R499,SUPPORT- PROFESSIONAL: OTHER,ATLANTA,GA,303294018,-9921.03,Contract
phhsd200201561605c,CDC Scientific Support,HHSD200201561605C,541990,"ALL OTHER PROFESSIONAL, SCIENTIFIC, AND TECHNICAL SERVICES",R499,SUPPORT- PROFESSIONAL: OTHER,ATLANTA,GA,303294018,0,Contract
phhsd200201561853ihhsd2002015618530001,CDC Scientific Support,HHSD2002015618530001,541990,"ALL OTHER PROFESSIONAL, SCIENTIFIC, AND TECHNICAL SERVICES",R499,SUPPORT- PROFESSIONAL: OTHER,ATLANTA,GA,303415539,464998.4,Contract
phhsd200201561853ihhsd2002015618530002,CDC Scientific Support,HHSD2002015618530002,541990,"ALL OTHER PROFESSIONAL, SCIENTIFIC, AND TECHNICAL SERVICES",R499,SUPPORT- PROFESSIONAL: OTHER,ATLANTA,GA,303415539,115795.2,Contract
phhsd200201561853ihhsd2002015618530005,CDC Scientific Support,HHSD2002015618530005,541990,"ALL OTHER PROFESSIONAL, SCIENTIFIC, AND TECHNICAL SERVICES",R499,SUPPORT- PROFESSIONAL: OTHER,ATLANTA,GA,303415539,1904201.79,Contract
phhsd200201563665c,CDC IT Support,HHSD200201563665C,541519,OTHER COMPUTER RELATED SERVICES,D399,IT AND TELECOM- OTHER IT AND TELECOMMUNICATIONS,ATLANTA,GA,303294018,-0.18,Contract
phhsd200201688362c,CDC Scientific Support,HHSD200201688362C,541990,"ALL OTHER PROFESSIONAL, SCIENTIFIC, AND TECHNICAL SERVICES",R499,SUPPORT- PROFESSIONAL: OTHER,ATLANTA,GA,303292020,142579.2,Contract
phhsd200201688431c,CDC Acquisition Support,HHSD200201688431C,541611,ADMINISTRATIVE MANAGEMENT AND GENERAL MANAGEMENT CONSULTING SERVICES,R699,SUPPORT- ADMINISTRATIVE: OTHER,ATLANTA,GA,303294018,-761.02,Contract
phhsd200201795002c,CDC Admin Support,HHSD200201795002C,561110,OFFICE ADMINISTRATIVE SERVICES,R408,SUPPORT- PROFESSIONAL: PROGRAM MANAGEMENT/SUPPORT,ATLANTA,GA,303453114,0,Contract
phhsd200201796136c,CDC Scientific Support,HHSD200201796136C,541990,"ALL OTHER PROFESSIONAL, SCIENTIFIC, AND TECHNICAL SERVICES",R499,SUPPORT- PROFESSIONAL: OTHER,ATLANTA,GA,303292020,1103710.1,Contract
phhsf223201710022ihhsf22301004t,FDA Scientific Support,HHSF22301004T,541990,"ALL OTHER PROFESSIONAL, SCIENTIFIC, AND TECHNICAL SERVICES",R499,SUPPORT- PROFESSIONAL: OTHER,SILVER SPRING,MD,209031057,-4000,Contract
phhsf223201710022ihhsf22301007t,FDA Scientific Support,HHSF22301007T,541990,"ALL OTHER PROFESSIONAL, SCIENTIFIC, AND TECHNICAL SERVICES",R499,SUPPORT- PROFESSIONAL: OTHER,SAINT LOUIS,MO,631101116,164288.41,Contract
phhsf223201710022ihhsf22301010t,FDA Scientific Support,HHSF22301010T,541990,"ALL OTHER PROFESSIONAL, SCIENTIFIC, AND TECHNICAL SERVICES",R499,SUPPORT- PROFESSIONAL: OTHER,SILVER SPRING,MD,209031057,140888.8,Contract
phhsf223201610446a,FDA Scientific Support,HHSF223201610446A,541990,"ALL OTHER PROFESSIONAL, SCIENTIFIC, AND TECHNICAL SERVICES",R499,SUPPORT- PROFESSIONAL: OTHER,SILVER SPRING,MD,209031058,-1650,Contract
phhsm500200900042c,HHS IT Training,HHSM500200900042C,611420,COMPUTER TRAINING,U008,EDUCATION/TRAINING- TRAINING/CURRICULUM DEVELOPMENT,CHESAPEAKE,VA,233205209,-998937.46,Contract
phq003420c0165,Defense Legal Services,HQ003420C0165,541511,CUSTOM COMPUTER PROGRAMMING SERVICES,D399,IT AND TELECOM- OTHER IT AND TELECOMMUNICATIONS,WASHINGTON,DC,203011100,1764095.92,Contract
pht001517c0004,DHA IT Support,HT001517C0004,541511,CUSTOM COMPUTER PROGRAMMING SERVICES,D308,IT AND TELECOM- PROGRAMMING,CHESAPEAKE,VA,233205209,2412501.44,Contract
pn0003918d0016n0003918f1437,PMW 250 Navy ePS,N0003918F1437,541519,OTHER COMPUTER RELATED SERVICES,R408,SUPPORT- PROFESSIONAL: PROGRAM MANAGEMENT/SUPPORT,WASHINGTON NAVY YARD,DC,203745012,413306.86,Contract
pn0018918p0842,COTF Cyber,N0018918P0842,541519,OTHER COMPUTER RELATED SERVICES,R499,SUPPORT- PROFESSIONAL: OTHER,NORFOLK,VA,235051003,342752.27,Contract
pn3943020c2201,NAVFAC Admin,N3943020C2201,541611,ADMINISTRATIVE MANAGEMENT AND GENERAL MANAGEMENT CONSULTING SERVICES,R699,SUPPORT- ADMINISTRATIVE: OTHER,PORT HUENEME CBC BASE,CA,930434201,267958.89,Contract
pgs10f0492mn4008514f5501,NAVFAC Admin,N4008514F5501,541611,ADMINISTRATIVE MANAGEMENT AND GENERAL MANAGEMENT CONSULTING SERVICES,R499,SUPPORT- PROFESSIONAL: OTHER,NORFOLK,VA,235112325,-108852.07,Contract
pn6523620d4809,NAVWAR 8(a) Incubator,N6523620D4809,541330,ENGINEERING SERVICES,R425,SUPPORT- PROFESSIONAL: ENGINEERING/TECHNICAL,not identified,not identified,not identified,0,Contract
pn6523620d4809n6523620f1004,NAVWAR 8(a) Incubator,N6523620F1004,541330,ENGINEERING SERVICES,R425,SUPPORT- PROFESSIONAL: ENGINEERING/TECHNICAL,NORTH CHARLESTON,SC,294055051,581.4,Contract
pw9124d19c0016,Fort Knox Motion Picture & Video Production,W9124D19C0016,512110,MOTION PICTURE AND VIDEO PRODUCTION,T006,PHOTO/MAP/PRINT/PUBLICATION- FILM/VIDEO TAPE PRODUCTION,FORT KNOX,KY,401210873,1506678,Contract
pw9133l18c2501,NGB Acquisition Support,W9133L18C2501,541611,ADMINISTRATIVE MANAGEMENT AND GENERAL MANAGEMENT CONSULTING SERVICES,R499,SUPPORT- PROFESSIONAL: OTHER,ANDREWS AFB,MD,207625157,696276,Contract
